trace,ideal_time,ideal_cpi,misal_time,misal_cpi
astar,16824587160,2.47,23929686467,3.51
bzip2,17558386724,2.32,23201139335,3.07
gobmk,17162380518,2.4,25198023284,3.52
omnetpp,16752816355,2.48,26618750504,3.94
sjeng,17355935225,2.36,24792861569,3.37
